{
    "train_loss": [
        0.9710201753118027,
        0.2673367980814658,
        0.18261756806223878,
        0.1407575483358867,
        0.1302837288422042,
        0.11833985303462399,
        0.11752112984869152,
        0.09980000317167331,
        0.08898028058675228,
        0.08119388279544798,
        0.08841967557985071,
        0.08571076853933493,
        0.08033636657265125,
        0.066627406042899,
        0.07510665103228172,
        0.07933354213551322,
        0.06946375487610627,
        0.07750543805448365,
        0.08152782392215814,
        0.07024417632210876,
        0.07079454536121603,
        0.05713956427906079,
        0.0640222924050844,
        0.07785202451579944,
        0.07554700428628809,
        0.06349900603223751,
        0.05802893672597493,
        0.06620436528988924,
        0.05929254896506243,
        0.06458203346243402,
        0.05725827016889767,
        0.07026540467921662,
        0.05990408334474993,
        0.06018955998511111,
        0.07151503493718062,
        0.061335830715312775,
        0.05917827626116468,
        0.05421849137163275,
        0.05410728651271047,
        0.05247016065705444,
        0.06143438936568691,
        0.06023477468092295,
        0.05697346316270919,
        0.06424060063127658,
        0.06350828652486416,
        0.05842470976201844,
        0.07452563906167921,
        0.04860132290006249,
        0.05657282542278416,
        0.049606190014506966
    ],
    "train_acc": [
        0.7172131538391113,
        0.9092754125595093,
        0.9365801811218262,
        0.9456927180290222,
        0.9494425058364868,
        0.9555789232254028,
        0.9522593021392822,
        0.9556885361671448,
        0.9592001438140869,
        0.958803653717041,
        0.9637914896011353,
        0.9588662385940552,
        0.9638199806213379,
        0.967138946056366,
        0.9643006324768066,
        0.9609029293060303,
        0.9656118154525757,
        0.9612924456596375,
        0.9612849950790405,
        0.96454918384552,
        0.9671868085861206,
        0.9681291580200195,
        0.9645082950592041,
        0.9622188210487366,
        0.9637522101402283,
        0.9684199094772339,
        0.970576286315918,
        0.9651321768760681,
        0.9679214358329773,
        0.9665085077285767,
        0.970774233341217,
        0.9665354490280151,
        0.9669307470321655,
        0.9683403968811035,
        0.9653112888336182,
        0.9688329696655273,
        0.9703401327133179,
        0.9697778820991516,
        0.9698230028152466,
        0.9695062041282654,
        0.9671854972839355,
        0.9652625322341919,
        0.9695758819580078,
        0.966107189655304,
        0.9650995135307312,
        0.9691306352615356,
        0.9659817218780518,
        0.9711215496063232,
        0.9664509296417236,
        0.9745765924453735
    ],
    "val_loss": [
        0.29668516389749666,
        0.1872251922333682,
        0.1634676223275838,
        0.1626038915236239,
        0.12352840226419547,
        0.1159341235610622,
        0.10230451095224082,
        0.10575034552150303,
        0.14944464982383782,
        0.13520652117828527,
        0.11685492562268067,
        0.09479585697839933,
        0.08535703651055142,
        0.0719102610148386,
        0.08090655201252688,
        0.09005016424796647,
        0.10585503648434058,
        0.07717353562582974,
        0.09295813865631956,
        0.11772692767085068,
        0.07997148640074388,
        0.08491514127537678,
        0.1095297087535814,
        0.14793773434832003,
        0.08970676866549722,
        0.08360300773616743,
        0.11424778834744184,
        0.08384865355091514,
        0.09952605732164725,
        0.06902127815906338,
        0.20917722789777649,
        0.09959117743548834,
        0.0862734179460892,
        0.10755702230165264,
        0.08069471956265194,
        0.09989812862800641,
        0.08942594513980483,
        0.08387235086141757,
        0.10696859576058125,
        0.12080225466289213,
        0.09728140391396461,
        0.13713387146169595,
        0.08078438920158616,
        0.10199102187201518,
        0.12819655271488484,
        0.06404608638776052,
        0.07191151483480267,
        0.07214585365727544,
        0.08656267623235989,
        0.08102793126589083
    ],
    "val_acc": [
        0.8994083404541016,
        0.9254437685012817,
        0.9431952238082886,
        0.9384614825248718,
        0.9479290246963501,
        0.9538460969924927,
        0.9514792561531067,
        0.9479290246963501,
        0.9455621838569641,
        0.9514792561531067,
        0.9562129974365234,
        0.9609467387199402,
        0.9644969701766968,
        0.9621301293373108,
        0.9633135795593262,
        0.9585798382759094,
        0.9550296068191528,
        0.9644970297813416,
        0.9573964476585388,
        0.9550296068191528,
        0.9621301293373108,
        0.957396388053894,
        0.9514793157577515,
        0.9514793157577515,
        0.9538461565971375,
        0.9633135795593262,
        0.9502958655357361,
        0.9621301889419556,
        0.9502958059310913,
        0.9633135795593262,
        0.9443787336349487,
        0.9573964476585388,
        0.9609467387199402,
        0.9668639302253723,
        0.9644970297813416,
        0.9562129974365234,
        0.960946798324585,
        0.9597633481025696,
        0.9573964476585388,
        0.9585798978805542,
        0.9727810621261597,
        0.9502959251403809,
        0.9692307710647583,
        0.9704142212867737,
        0.9597632884979248,
        0.9704142212867737,
        0.9680473208427429,
        0.9621301889419556,
        0.9609467387199402,
        0.9680473208427429
    ],
    "test_acc": [
        0.8766157031059265,
        0.9106932878494263,
        0.9294947385787964,
        0.9388954639434814,
        0.9341951012611389,
        0.9435957670211792,
        0.95652174949646,
        0.9600470662117004,
        0.9435957670211792,
        0.9506462812423706,
        0.9576968550682068,
        0.95652174949646,
        0.9623972177505493,
        0.9600470066070557,
        0.9623972177505493,
        0.965922474861145,
        0.9553466439247131,
        0.9659224152565002,
        0.9623971581459045,
        0.9541715383529663,
        0.9670975208282471,
        0.9553466439247131,
        0.9447708129882812,
        0.95652174949646,
        0.9588719010353088,
        0.9588719010353088,
        0.9600470066070557,
        0.964747428894043,
        0.9541715383529663,
        0.9600470066070557,
        0.9388954043388367,
        0.957696795463562,
        0.9647473096847534,
        0.965922474861145,
        0.957696795463562,
        0.9623970985412598,
        0.9635722637176514,
        0.9635723829269409,
        0.9659224152565002,
        0.9529964923858643,
        0.9635722637176514,
        0.9459459781646729,
        0.9612220525741577,
        0.9647473692893982,
        0.9588718414306641,
        0.9682726263999939,
        0.9553467035293579,
        0.9635722637176514,
        0.965922474861145,
        0.965922474861145
    ],